{
  "project_info": {
    "project_number": "100301890786",
    "project_id": "simple-event-reminder",
    "storage_bucket": "simple-event-reminder.firebasestorage.app"
  },
  "database_url": "https://simple-event-reminder-default-rtdb.asia-southeast1.firebasedatabase.app",
  "client": [
    {
      "client_info": {
        "mobilesdk_app_id": "1:100301890786:android:0077b3d9d7fadbb40c6abb",
        "android_client_info": {
          "package_name": "com.example.simple_event_reminder"
        }
      },
      "oauth_client": [],
      "api_key": [
        {
          "current_key": "AIzaSyBZRC7bjzx5V8BB1jIqPr3YEhTSq515OJQ"
        }
      ],
      "services": {
        "appinvite_service": {
          "other_platform_oauth_client": []
        }
      }
    }
  ],
  "configuration_version": "1"
}